mileage_km,engine_hours,vehicle_age_years,fault_code_count,oil_temp_avg_celsius,vibration_level,battery_voltage,engine_load_percent,fuel_efficiency_kmpl,maintenance_required,days_since_last_service,mileage_per_year,engine_hours_per_km,fault_density,thermal_stress,load_efficiency,vehicle_type_Sedan,vehicle_type_Truck,vehicle_type_Van,fuel_type_Electric,fuel_type_Petrol,region_North,region_South,region_West,road_condition_Rural,road_condition_Urban,weather_condition_Hot,weather_condition_Normal,weather_condition_Rainy
127010.78907698156,2353.1653922461705,7,7,116.21574467093636,0.8486706565961993,12.055594922705431,77.37042734941589,14.203346852672896,1,331,18144.398439568795,0.01852728740091451,0.0029747165341906883,8991.66182992095,5.447337740319686,False,False,True,False,True,False,False,False,False,True,False,False,True
205177.29745383,3794.1769534463183,9,1,99.66462868908904,0.3537055903427892,12.123922875912315,104.18576589944738,11.822327115135565,0,299,22797.47749487,0.01849218700377951,0.0002635617717016815,10383.635673056777,8.812627571949289,False,True,False,False,False,False,False,True,False,False,True,False,False
184814.49031713052,6797.320425100634,6,1,90.90427854112993,0.7945403576042932,13.342207856328828,41.49248609567434,12.846617835132871,0,127,30802.415052855085,0.036779153049291975,0.00014711679565778231,3771.8445134051403,3.229837349267204,False,True,False,True,False,True,False,False,True,False,False,False,False
156123.24745831752,5338.225610345471,5,1,119.27967565708036,0.5144426537835851,12.216149242867417,67.19420967339539,15.2110727317555,0,311,31224.649491663506,0.034192381322139066,0.00018732816351223558,8014.903535876454,4.417453710093499,False,False,True,False,True,False,False,True,True,False,False,False,True
137483.7301511268,3076.2525677880244,8,2,97.4750610129048,0.5205948430104663,13.622125741182986,77.76213465357156,8.299653169160393,0,398,17185.46626889085,0.022375393542250436,0.0006501416759281561,7579.868819850607,9.369323400466637,False,True,False,False,True,False,True,False,False,False,True,False,False
